BU_CODE;WK_CODE;Gemeente;RES;Provincie;Aantal_woningen;Aantal_utiliteiten;Vraag_Aardgas;Vraag_MT_Warmte;Vraag_LT_Warmte;Vraag_Elektriciteit;Vraag_Warmte_totaal;CO2_uitstoot;Maatschappelijke_kosten,
BU07430000;WK074300;Asten;Metropoolregio Eindhoven;Noord-Brabant;4242;572;0;0;0;60206.2234;24344.7596;0;12874987.3,
BU07430001;WK074300;Asten;Metropoolregio Eindhoven;Noord-Brabant;967;17;0;0;0;17832.2711;7486.35395;0;3285259.16,
BU07430002;WK074300;Asten;Metropoolregio Eindhoven;Noord-Brabant;205;23;0;0;0;4120.68042;1863.43466;0;1005635.89,
BU07430008;WK074300;Asten;Metropoolregio Eindhoven;Noord-Brabant;58;0;0;0;0;1181.76639;543.129272;0;345892.942,
BU07430009;WK074300;Asten;Metropoolregio Eindhoven;Noord-Brabant;77;10;0;0;0;1558.05125;710.220375;0;610237.382,
BU07430100;WK074301;Asten;Metropoolregio Eindhoven;Noord-Brabant;602;32;0;0;0;10650.6358;4710.03772;0;1823179.51,
BU07430109;WK074301;Asten;Metropoolregio Eindhoven;Noord-Brabant;286;27;0;0;0;5795.51203;2679.36451;0;6464789.42,
BU07430200;WK074302;Asten;Metropoolregio Eindhoven;Noord-Brabant;229;8;0;0;0;4429.29857;1955.96785;0;668061.07,
BU07430209;WK074302;Asten;Metropoolregio Eindhoven;Noord-Brabant;92;8;0;0;0;1831.89699;851.900991;0;599277.662,
BU07430809;WK074308;Asten;Metropoolregio Eindhoven;Noord-Brabant;50;2;0;0;0;1034.10375;483.553994;0;1011815.87,
BU07430909;WK074309;Asten;Metropoolregio Eindhoven;Noord-Brabant;17;2;0;0;0;342.990488;155.808408;0;183699.63,
BU07530001;WK075300;Best;Metropoolregio Eindhoven;Noord-Brabant;1022;223;0;0;0;14925.1968;5424.64887;0;3160344.95,
BU07530002;WK075300;Best;Metropoolregio Eindhoven;Noord-Brabant;851;79;0;0;0;13971.4459;4998.26093;0;1765676.22,
BU07530003;WK075300;Best;Metropoolregio Eindhoven;Noord-Brabant;512;7;0;0;0;9338.39018;3701.74634;0;1079143.28,
BU07530004;WK075300;Best;Metropoolregio Eindhoven;Noord-Brabant;776;32;0;0;0;13189.7414;5071.37959;0;1496648.74,
BU07530005;WK075300;Best;Metropoolregio Eindhoven;Noord-Brabant;88;5;0;0;0;1952.30618;983.189216;0;312099.717,
BU07530006;WK075300;Best;Metropoolregio Eindhoven;Noord-Brabant;214;29;0;0;0;3864.2569;1508.37226;0;482886.992,
BU07530007;WK075300;Best;Metropoolregio Eindhoven;Noord-Brabant;1354;70;0;0;0;24826.2962;10008.2856;0;3157815.8,
BU07530008;WK075300;Best;Metropoolregio Eindhoven;Noord-Brabant;1682;192;0;0;0;27939.605;10161.1371;0;3529239.96,
BU07530009;WK075300;Best;Metropoolregio Eindhoven;Noord-Brabant;1713;190;0;0;0;29869.0434;11615.5979;0;4210850.03,
BU07530010;WK075300;Best;Metropoolregio Eindhoven;Noord-Brabant;39;285;0;0;0;727.021238;301.649558;0;4504273.16,
BU07530011;WK075300;Best;Metropoolregio Eindhoven;Noord-Brabant;13;204;0;0;0;244.689644;103.562124;0;2720583.03,
BU07530012;WK075300;Best;Metropoolregio Eindhoven;Noord-Brabant;0;4;0;0;0;0;0;0;772428.054,
BU07530013;WK075300;Best;Metropoolregio Eindhoven;Noord-Brabant;1246;14;0;0;0;23539.6611;9937.49986;0;2262844.99,
BU07530014;WK075300;Best;Metropoolregio Eindhoven;Noord-Brabant;1453;36;0;0;0;27128.5813;11789.7196;0;2991252.92,
BU07530015;WK075300;Best;Metropoolregio Eindhoven;Noord-Brabant;727;84;0;0;0;14728.5106;6761.7717;0;8349358.52,
BU07530016;WK075300;Best;Metropoolregio Eindhoven;Noord-Brabant;273;11;0;0;0;5326.57739;2401.12331;0;666047.895,
BU07530017;WK075300;Best;Metropoolregio Eindhoven;Noord-Brabant;558;5;0;0;0;9974.75689;3831.89417;0;1082732.44,
BU07620000;WK076200;Deurne;Metropoolregio Eindhoven;Noord-Brabant;3189;429;0;0;0;42606.8637;17201.5202;0;9057113.9,
BU07620001;WK076200;Deurne;Metropoolregio Eindhoven;Noord-Brabant;1119;46;0;0;0;15867.6381;6793.89302;0;3574786.67,
BU07620002;WK076200;Deurne;Metropoolregio Eindhoven;Noord-Brabant;753;25;0;0;0;10770.9094;4590.39223;0;2043542.03,
BU07620003;WK076200;Deurne;Metropoolregio Eindhoven;Noord-Brabant;397;13;0;0;0;7687.23009;3452.12513;0;1519950.26,
BU07620004;WK076200;Deurne;Metropoolregio Eindhoven;Noord-Brabant;1776;27;0;0;0;31471.332;12295.979;0;3625163.54,
BU07620005;WK076200;Deurne;Metropoolregio Eindhoven;Noord-Brabant;1953;24;0;0;0;35608.3276;14433.4737;0;3875672.52,
BU07620006;WK076200;Deurne;Metropoolregio Eindhoven;Noord-Brabant;297;143;0;0;0;5842.47201;2657.53849;0;3261597.35,
BU07620007;WK076200;Deurne;Metropoolregio Eindhoven;Noord-Brabant;156;4;0;0;0;3152.97323;1455.27707;0;384083.029,
BU07620009;WK076200;Deurne;Metropoolregio Eindhoven;Noord-Brabant;1140;87;0;0;0;23083.3795;10693.3656;0;7248614.69,
BU07620100;WK076201;Deurne;Metropoolregio Eindhoven;Noord-Brabant;437;20;0;0;0;7405.54473;3261.67521;0;1227679.09,
BU07620109;WK076201;Deurne;Metropoolregio Eindhoven;Noord-Brabant;90;100;0;0;0;1836.37446;853.381896;0;618628.683,
BU07620200;WK076202;Deurne;Metropoolregio Eindhoven;Noord-Brabant;1059;56;0;0;0;16255.2234;6891.15769;0;3166186.88,
BU07620209;WK076202;Deurne;Metropoolregio Eindhoven;Noord-Brabant;282;18;0;0;0;5694.94134;2601.88286;0;1500697.61,
BU07620300;WK076203;Deurne;Metropoolregio Eindhoven;Noord-Brabant;566;25;0;0;0;10327.7726;4519.42627;0;1680109.65,
BU07620309;WK076203;Deurne;Metropoolregio Eindhoven;Noord-Brabant;193;6;0;0;0;3849.83461;1744.79701;0;1096928.38,
BU07620400;WK076204;Deurne;Metropoolregio Eindhoven;Noord-Brabant;301;15;0;0;0;5460.30151;2391.53039;0;1996200.37,
BU07620409;WK076204;Deurne;Metropoolregio Eindhoven;Noord-Brabant;82;12;0;0;0;1616.10841;721.260492;0;889174.733,
BU07700000;WK077000;Eersel;Metropoolregio Eindhoven;Noord-Brabant;1460;228;0;0;0;17286.1766;7073.75421;0;4573397.36,
BU07700001;WK077000;Eersel;Metropoolregio Eindhoven;Noord-Brabant;419;9;0;0;0;7540.27496;3249.42824;0;1048199.83,
BU07700002;WK077000;Eersel;Metropoolregio Eindhoven;Noord-Brabant;798;161;0;0;0;13663.0186;5243.35867;0;1756246.67,
BU07700003;WK077000;Eersel;Metropoolregio Eindhoven;Noord-Brabant;714;66;0;0;0;13047.8058;5341.34221;0;1424180.2,
BU07700004;WK077000;Eersel;Metropoolregio Eindhoven;Noord-Brabant;352;20;0;0;0;6710.64;2905.1776;0;654306.11,
BU07700005;WK077000;Eersel;Metropoolregio Eindhoven;Noord-Brabant;30;103;0;0;0;618.851255;288.501015;0;1733232.04,
BU07700006;WK077000;Eersel;Metropoolregio Eindhoven;Noord-Brabant;51;4;0;0;0;742.406249;316.033609;0;199664.763,
BU07700007;WK077000;Eersel;Metropoolregio Eindhoven;Noord-Brabant;125;16;0;0;0;2264.63279;976.481589;0;486012.293,
BU07700008;WK077000;Eersel;Metropoolregio Eindhoven;Noord-Brabant;55;10;0;0;0;1104.39445;510.789806;0;473441.983,
BU07700009;WK077000;Eersel;Metropoolregio Eindhoven;Noord-Brabant;136;89;0;0;0;2670.39853;1220.97157;0;1034044.15,
BU07700010;WK077000;Eersel;Metropoolregio Eindhoven;Noord-Brabant;383;27;0;0;0;7063.64584;3297.55288;0;1002579.16,
BU07700100;WK077001;Eersel;Metropoolregio Eindhoven;Noord-Brabant;605;24;0;0;0;8725.34054;3766.8607;0;1671668.96,
BU07700101;WK077001;Eersel;Metropoolregio Eindhoven;Noord-Brabant;84;5;0;0;0;1271.97994;489.395943;0;212477.959,
BU07700102;WK077001;Eersel;Metropoolregio Eindhoven;Noord-Brabant;15;7;0;0;0;306.319726;145.150446;0;322431.6,
BU07700109;WK077001;Eersel;Metropoolregio Eindhoven;Noord-Brabant;69;12;0;0;0;1350.61318;610.894379;0;407917.722,
BU07700200;WK077002;Eersel;Metropoolregio Eindhoven;Noord-Brabant;549;26;0;0;0;8403.32391;3677.03855;0;1639197.65,
BU07700209;WK077002;Eersel;Metropoolregio Eindhoven;Noord-Brabant;57;14;0;0;0;1120.78886;511.191336;0;390580.72,
BU07700300;WK077003;Eersel;Metropoolregio Eindhoven;Noord-Brabant;779;63;0;0;0;14538.219;6325.70512;0;2237454.75,
BU07700309;WK077003;Eersel;Metropoolregio Eindhoven;Noord-Brabant;144;86;0;0;0;2752.13766;1230.70646;0;930006.928,
BU07700400;WK077004;Eersel;Metropoolregio Eindhoven;Noord-Brabant;582;28;0;0;0;10820.6023;4718.12126;0;1432214.31,
BU07700409;WK077004;Eersel;Metropoolregio Eindhoven;Noord-Brabant;247;65;0;0;0;4681.46941;2082.01053;0;1395175.29,
BU07700500;WK077005;Eersel;Metropoolregio Eindhoven;Noord-Brabant;382;17;0;0;0;6857.77211;3091.30787;0;1322421.74,
BU07700501;WK077005;Eersel;Metropoolregio Eindhoven;Noord-Brabant;92;4;0;0;0;1421.53482;640.787457;0;300947.608,
BU07700509;WK077005;Eersel;Metropoolregio Eindhoven;Noord-Brabant;120;35;0;0;0;2279.12063;1016.92975;0;1015930.72,
BU07721111;WK077211;Eindhoven;Metropoolregio Eindhoven;Noord-Brabant;2222;922;0;0;0;31528.6062;11041.0893;0;12680453.9,
BU07721112;WK077211;Eindhoven;Metropoolregio Eindhoven;Noord-Brabant;1616;286;0;0;0;22894.845;7771.17193;0;4742106.47,
BU07721113;WK077211;Eindhoven;Metropoolregio Eindhoven;Noord-Brabant;1512;99;0;0;0;20924.0937;7306.51903;0;4217403.18,
BU07721114;WK077211;Eindhoven;Metropoolregio Eindhoven;Noord-Brabant;160;182;0;0;0;2190.74315;749.731954;0;3333312.9,
BU07721115;WK077211;Eindhoven;Metropoolregio Eindhoven;Noord-Brabant;666;65;0;0;0;10054.7448;4056.8532;0;4495711.59,
BU07721211;WK077212;Eindhoven;Metropoolregio Eindhoven;Noord-Brabant;1202;236;0;0;0;18470.2132;7051.0448;0;3082402.84,
BU07721212;WK077212;Eindhoven;Metropoolregio Eindhoven;Noord-Brabant;952;120;0;0;0;14002.8795;4866.86554;0;1843023.49,
BU07721213;WK077212;Eindhoven;Metropoolregio Eindhoven;Noord-Brabant;567;44;0;0;0;8615.65092;3174.64852;0;1390203.13,
BU07721214;WK077212;Eindhoven;Metropoolregio Eindhoven;Noord-Brabant;1419;173;0;0;0;21520.1335;7571.85785;0;2992098.43,
BU07721215;WK077212;Eindhoven;Metropoolregio Eindhoven;Noord-Brabant;653;74;0;0;0;10471.6748;3916.1218;0;1438101.82,
BU07721216;WK077212;Eindhoven;Metropoolregio Eindhoven;Noord-Brabant;631;104;0;0;0;10031.9478;3562.50839;0;1549258.75,
BU07721217;WK077212;Eindhoven;Metropoolregio Eindhoven;Noord-Brabant;341;82;0;8060.64373;0;2932.08;8060.64373;0;667015.343,
BU07721218;WK077212;Eindhoven;Metropoolregio Eindhoven;Noord-Brabant;142;2;0;0;0;2462.3303;1037.24238;0;293684.007,
BU07721221;WK077212;Eindhoven;Metropoolregio Eindhoven;Noord-Brabant;897;51;0;0;0;14990.6965;5324.96656;0;1851621.37,
BU07721222;WK077212;Eindhoven;Metropoolregio Eindhoven;Noord-Brabant;1444;124;0;0;0;24994.4535;9677.21373;0;3340940.24,
BU07721223;WK077212;Eindhoven;Metropoolregio Eindhoven;Noord-Brabant;789;70;0;0;0;11951.6014;4375.14666;0;1434620.8,
BU07721224;WK077212;Eindhoven;Metropoolregio Eindhoven;Noord-Brabant;255;11;0;0;0;5039.59125;2231.92149;0;661215.222,
BU07721225;WK077212;Eindhoven;Metropoolregio Eindhoven;Noord-Brabant;647;111;0;0;0;10792.0672;3994.04252;0;1795246.24,
BU07721226;WK077212;Eindhoven;Metropoolregio Eindhoven;Noord-Brabant;8;21;0;0;0;153.954823;65.8757834;0;2820835.22,
BU07721230;WK077212;Eindhoven;Metropoolregio Eindhoven;Noord-Brabant;514;75;0;0;0;5745.38136;2566.40112;0;1300472.88,
BU07721231;WK077212;Eindhoven;Metropoolregio Eindhoven;Noord-Brabant;0;3;0;0;0;0;0;0;74913.0987,
BU07721232;WK077212;Eindhoven;Metropoolregio Eindhoven;Noord-Brabant;1489;238;0;0;0;17696.9728;6071.47706;0;3675722.69,
BU07721233;WK077212;Eindhoven;Metropoolregio Eindhoven;Noord-Brabant;885;59;0;0;0;14136.2476;4857.28868;0;1975110.65,
BU07721234;WK077212;Eindhoven;Metropoolregio Eindhoven;Noord-Brabant;756;15;0;0;0;9284.4894;3307.33628;0;1797814.22,
BU07721235;WK077212;Eindhoven;Metropoolregio Eindhoven;Noord-Brabant;725;6;0;0;0;13699.7724;5745.71305;0;1511887.28,
BU07721236;WK077212;Eindhoven;Metropoolregio Eindhoven;Noord-Brabant;560;118;0;0;0;8702.00255;3089.37839;0;1462676.17,
BU07721237;WK077212;Eindhoven;Metropoolregio Eindhoven;Noord-Brabant;1311;32;0;0;0;14599.4681;5479.74346;0;2797622.11,
BU07721238;WK077212;Eindhoven;Metropoolregio Eindhoven;Noord-Brabant;301;22;0;0;0;1915.0519;913.03342;0;885771.145,
BU07721239;WK077212;Eindhoven;Metropoolregio Eindhoven;Noord-Brabant;0;0;0;0;0;0;0;0;,
BU07721240;WK077212;Eindhoven;Metropoolregio Eindhoven;Noord-Brabant;45;5;0;0;0;883.632036;388.165636;0;1246521.3,
BU07721311;WK077213;Eindhoven;Metropoolregio Eindhoven;Noord-Brabant;852;170;0;0;0;14392.9314;5558.2241;0;2860212.5,
BU07721312;WK077213;Eindhoven;Metropoolregio Eindhoven;Noord-Brabant;1606;139;0;0;0;13370.9272;5021.0973;0;5285682.81,
BU07721321;WK077213;Eindhoven;Metropoolregio Eindhoven;Noord-Brabant;1602;209;0;0;0;6587.24093;2395.38925;0;5015094.19,
BU07721322;WK077213;Eindhoven;Metropoolregio Eindhoven;Noord-Brabant;1401;53;0;0;0;7808.09652;2937.86884;0;3360152.51,
BU07721328;WK077213;Eindhoven;Metropoolregio Eindhoven;Noord-Brabant;478;17;0;0;0;8562.25244;3869.27148;0;1939508.51,
BU07721333;WK077213;Eindhoven;Metropoolregio Eindhoven;Noord-Brabant;1898;511;0;0;0;21531.5304;7975.29404;0;4378854.37,
BU07721334;WK077213;Eindhoven;Metropoolregio Eindhoven;Noord-Brabant;37;8;0;0;0;698.510297;291.156697;0;733435.697,
BU07721335;WK077213;Eindhoven;Metropoolregio Eindhoven;Noord-Brabant;1574;173;0;0;0;14247.7018;5522.90168;0;4061134.74,
BU07721336;WK077213;Eindhoven;Metropoolregio Eindhoven;Noord-Brabant;213;8;0;0;0;4080.27573;1825.09573;0;804062.249,
BU07721337;WK077213;Eindhoven;Metropoolregio Eindhoven;Noord-Brabant;222;10;0;0;0;4307.31114;1863.04538;0;959171.052,
BU07721410;WK077214;Eindhoven;Metropoolregio Eindhoven;Noord-Brabant;787;22;0;0;0;11517.2629;4034.11875;0;1560279.44,
BU07721411;WK077214;Eindhoven;Metropoolregio Eindhoven;Noord-Brabant;1314;81;0;0;0;16007.1783;5484.12584;0;3416738.27,
BU07721412;WK077214;Eindhoven;Metropoolregio Eindhoven;Noord-Brabant;1941;175;0;0;0;16949.7158;5929.46813;0;5373693.14,
BU07721413;WK077214;Eindhoven;Metropoolregio Eindhoven;Noord-Brabant;928;137;0;0;0;10538.3487;3646.69649;0;2803106.94,
BU07721414;WK077214;Eindhoven;Metropoolregio Eindhoven;Noord-Brabant;652;9;0;0;0;9551.22932;3243.01684;0;1227626,
BU07721421;WK077214;Eindhoven;Metropoolregio Eindhoven;Noord-Brabant;1848;172;0;0;0;8048.65237;3103.32013;0;5661191.59,
BU07721422;WK077214;Eindhoven;Metropoolregio Eindhoven;Noord-Brabant;2435;245;0;0;0;32041.8769;11360.8467;0;5782098.81,
BU07721423;WK077214;Eindhoven;Metropoolregio Eindhoven;Noord-Brabant;894;98;0;0;0;6833.60928;2644.56712;0;2270065.15,
BU07721424;WK077214;Eindhoven;Metropoolregio Eindhoven;Noord-Brabant;1576;306;0;0;0;7301.96885;2534.86941;0;3793302.23,
BU07721425;WK077214;Eindhoven;Metropoolregio Eindhoven;Noord-Brabant;1165;179;0;0;0;17890.2122;6269.55688;0;2766037.88,
BU07721426;WK077214;Eindhoven;Metropoolregio Eindhoven;Noord-Brabant;28;35;0;1208.01148;0;271.99;1208.01148;0;645095.919,
BU07721431;WK077214;Eindhoven;Metropoolregio Eindhoven;Noord-Brabant;2659;316;0;0;0;42132.7956;15097.2525;0;5385576.42,
BU07721432;WK077214;Eindhoven;Metropoolregio Eindhoven;Noord-Brabant;1003;189;0;0;0;14777.6232;5239.75736;0;1851982.12,
BU07721433;WK077214;Eindhoven;Metropoolregio Eindhoven;Noord-Brabant;84;10;0;0;0;1203.85958;447.362298;0;716662.129,
BU07721434;WK077214;Eindhoven;Metropoolregio Eindhoven;Noord-Brabant;1531;206;0;0;0;23258.8377;8049.8199;0;3051334.15,
BU07721435;WK077214;Eindhoven;Metropoolregio Eindhoven;Noord-Brabant;560;142;0;0;0;9773.53207;3609.06383;0;1744681.76,
BU07721436;WK077214;Eindhoven;Metropoolregio Eindhoven;Noord-Brabant;45;13;0;0;0;660.440436;247.145236;0;451841.219,
BU07721511;WK077215;Eindhoven;Metropoolregio Eindhoven;Noord-Brabant;408;58;0;0;0;7674.30937;3348.31265;0;3186355.99,
BU07721512;WK077215;Eindhoven;Metropoolregio Eindhoven;Noord-Brabant;2353;257;0;0;0;28720.3501;10312.1702;0;4813458.26,
BU07721513;WK077215;Eindhoven;Metropoolregio Eindhoven;Noord-Brabant;1746;306;0;0;0;27877.7563;9868.98419;0;3245404.29,
BU07721514;WK077215;Eindhoven;Metropoolregio Eindhoven;Noord-Brabant;1029;332;0;0;0;16457.1496;6108.23692;0;1970370.43,
BU07721515;WK077215;Eindhoven;Metropoolregio Eindhoven;Noord-Brabant;475;191;0;0;0;6576.1701;2298.47914;0;1964390.48,
BU07721516;WK077215;Eindhoven;Metropoolregio Eindhoven;Noord-Brabant;1694;485;0;0;0;27290.9325;9898.26547;0;3679474.94,
BU07721520;WK077215;Eindhoven;Metropoolregio Eindhoven;Noord-Brabant;35;40;0;0;0;746.632972;361.204172;0;896531.933,
BU07721521;WK077215;Eindhoven;Metropoolregio Eindhoven;Noord-Brabant;1466;39;0;0;0;27939.9448;12085.4127;0;3278130.3,
BU07721522;WK077215;Eindhoven;Metropoolregio Eindhoven;Noord-Brabant;1587;180;0;0;0;27628.3585;10386.1232;0;4444288.6,
BU07721523;WK077215;Eindhoven;Metropoolregio Eindhoven;Noord-Brabant;1886;29;0;0;0;33612.4241;13011.9982;0;3806087.35,
BU07721524;WK077215;Eindhoven;Metropoolregio Eindhoven;Noord-Brabant;1740;60;0;0;0;29621.8881;11107.83;0;3380722.34,
BU07721531;WK077215;Eindhoven;Metropoolregio Eindhoven;Noord-Brabant;2191;557;0;0;0;37244.2502;13927.3828;0;4843362.88,
BU07721532;WK077215;Eindhoven;Metropoolregio Eindhoven;Noord-Brabant;2335;492;0;0;0;40046.9543;14986.6739;0;5641181.94,
BU07721533;WK077215;Eindhoven;Metropoolregio Eindhoven;Noord-Brabant;772;11;0;0;0;14505.7305;6006.31978;0;2399387.67,
BU07721534;WK077215;Eindhoven;Metropoolregio Eindhoven;Noord-Brabant;2649;39;0;0;0;49805.7057;21119.208;0;5296363.79,
BU07721535;WK077215;Eindhoven;Metropoolregio Eindhoven;Noord-Brabant;5;14;0;0;0;91.8372329;40.7890729;0;1565722.73,
BU07721541;WK077215;Eindhoven;Metropoolregio Eindhoven;Noord-Brabant;2092;426;0;0;0;33619.0086;12217.4298;0;4025704.23,
BU07721542;WK077215;Eindhoven;Metropoolregio Eindhoven;Noord-Brabant;428;69;0;0;0;8060.42978;3348.29394;0;978783.457,
BU07721543;WK077215;Eindhoven;Metropoolregio Eindhoven;Noord-Brabant;2493;537;0;0;0;41172.5295;15309.9957;0;5036457.56,
BU07721544;WK077215;Eindhoven;Metropoolregio Eindhoven;Noord-Brabant;1078;196;0;0;0;19184.1159;7320.78626;0;2359061.98,
BU07721545;WK077215;Eindhoven;Metropoolregio Eindhoven;Noord-Brabant;5;40;0;0;0;103.155605;48.099125;0;835235.138,
BU07721546;WK077215;Eindhoven;Metropoolregio Eindhoven;Noord-Brabant;36;9;0;0;0;655.962396;275.634236;0;341538.945,
BU07721611;WK077216;Eindhoven;Metropoolregio Eindhoven;Noord-Brabant;1409;43;0;0;0;22419.9804;8072.78341;0;2563139.81,
BU07721612;WK077216;Eindhoven;Metropoolregio Eindhoven;Noord-Brabant;1728;132;0;0;0;28923.2934;11681.0611;0;3502146.91,
BU07721613;WK077216;Eindhoven;Metropoolregio Eindhoven;Noord-Brabant;281;61;0;0;0;5009.70532;2060.19756;0;1215939.79,
BU07721614;WK077216;Eindhoven;Metropoolregio Eindhoven;Noord-Brabant;784;98;0;0;0;12093.5713;4394.16663;0;1662247.63,
BU07721615;WK077216;Eindhoven;Metropoolregio Eindhoven;Noord-Brabant;2160;125;0;0;0;32980.0935;12235.9575;0;4307479.01,
BU07721616;WK077216;Eindhoven;Metropoolregio Eindhoven;Noord-Brabant;1205;322;0;0;0;19310.0943;8435.70858;0;3785172.33,
BU07721621;WK077216;Eindhoven;Metropoolregio Eindhoven;Noord-Brabant;16;259;0;0;0;303.694202;131.540202;0;6388294.8,
BU07721622;WK077216;Eindhoven;Metropoolregio Eindhoven;Noord-Brabant;1902;248;0;0;0;19040.5575;6853.06682;0;5745203.78,
BU07721623;WK077216;Eindhoven;Metropoolregio Eindhoven;Noord-Brabant;1585;120;0;0;0;8913.72943;3302.91551;0;4773253.32,
BU07721624;WK077216;Eindhoven;Metropoolregio Eindhoven;Noord-Brabant;1144;79;0;0;0;16755.6212;6384.90093;0;2885403.58,
BU07721625;WK077216;Eindhoven;Metropoolregio Eindhoven;Noord-Brabant;243;47;0;0;0;4911.73545;2343.49897;0;858598.807,
BU07721626;WK077216;Eindhoven;Metropoolregio Eindhoven;Noord-Brabant;32;2;0;0;0;735.687788;383.270988;0;497612.06,
BU07721627;WK077216;Eindhoven;Metropoolregio Eindhoven;Noord-Brabant;5;7;0;0;0;114.814875;59.7516745;0;494605.756,
BU07721628;WK077216;Eindhoven;Metropoolregio Eindhoven;Noord-Brabant;7;41;0;0;0;139.310609;62.2378085;0;2708894.57,
BU07721631;WK077216;Eindhoven;Metropoolregio Eindhoven;Noord-Brabant;7;1;0;0;0;141.82985;64.7525704;0;449138.432,
BU07721632;WK077216;Eindhoven;Metropoolregio Eindhoven;Noord-Brabant;1;9;0;0;0;20.7871119;9.7755919;0;239739.012,
BU07721633;WK077216;Eindhoven;Metropoolregio Eindhoven;Noord-Brabant;2214;35;0;67242.101;0;21011.14;67242.101;0;2329233.68,
BU07721634;WK077216;Eindhoven;Metropoolregio Eindhoven;Noord-Brabant;1143;11;0;33360.2466;0;10888.91;33360.2466;0;1076457.14,
BU07721635;WK077216;Eindhoven;Metropoolregio Eindhoven;Noord-Brabant;596;10;0;0;0;12707.7112;6305.64717;0;3428728.79,
BU07721636;WK077216;Eindhoven;Metropoolregio Eindhoven;Noord-Brabant;7;21;0;0;0;183.48559;106.38927;0;866357.092,
BU07721637;WK077216;Eindhoven;Metropoolregio Eindhoven;Noord-Brabant;0;195;0;0;0;0;0;0;5493009.62,
BU07721638;WK077216;Eindhoven;Metropoolregio Eindhoven;Noord-Brabant;2;33;0;0;0;42.4722375;20.4480775;0;830933.927,
BU07721639;WK077216;Eindhoven;Metropoolregio Eindhoven;Noord-Brabant;158;8;0;0;0;3208.99617;1469.51889;0;1055212.52,
BU07721640;WK077216;Eindhoven;Metropoolregio Eindhoven;Noord-Brabant;363;40;0;8839.3094;0;3076.28;8839.3094;0;1937521.88,
BU07721711;WK077217;Eindhoven;Metropoolregio Eindhoven;Noord-Brabant;1459;299;0;0;0;23609.6009;8460.09017;0;3528971.21,
BU07721712;WK077217;Eindhoven;Metropoolregio Eindhoven;Noord-Brabant;1176;105;0;0;0;17828.8806;6279.01865;0;2315891.77,
BU07721713;WK077217;Eindhoven;Metropoolregio Eindhoven;Noord-Brabant;783;135;0;0;0;8448.23907;2907.79499;0;2122613.38,
BU07721721;WK077217;Eindhoven;Metropoolregio Eindhoven;Noord-Brabant;1572;221;0;0;0;5936.98922;2161.4877;0;4795479.12,
BU07721722;WK077217;Eindhoven;Metropoolregio Eindhoven;Noord-Brabant;1271;165;0;0;0;7374.18236;2535.98844;0;3821451.78,
BU07721723;WK077217;Eindhoven;Metropoolregio Eindhoven;Noord-Brabant;369;52;0;0;0;3719.47799;1541.84319;0;1188042.35,
BU07721724;WK077217;Eindhoven;Metropoolregio Eindhoven;Noord-Brabant;1629;85;0;0;0;6013.73652;2147.17004;0;3908132.01,
BU07721725;WK077217;Eindhoven;Metropoolregio Eindhoven;Noord-Brabant;1691;89;0;0;0;9872.87242;4026.77994;0;3632774.15,
BU07721726;WK077217;Eindhoven;Metropoolregio Eindhoven;Noord-Brabant;11;18;0;0;0;219.676332;98.5608125;0;974907.833,
BU07721727;WK077217;Eindhoven;Metropoolregio Eindhoven;Noord-Brabant;0;44;0;0;0;0;0;0;5296129.91,
BU07721731;WK077217;Eindhoven;Metropoolregio Eindhoven;Noord-Brabant;1652;175;0;0;0;27783.1792;10448.1789;0;4030124.19,
BU07721732;WK077217;Eindhoven;Metropoolregio Eindhoven;Noord-Brabant;1673;172;0;0;0;28559.2062;10648.7211;0;3537048.47,
BU07721733;WK077217;Eindhoven;Metropoolregio Eindhoven;Noord-Brabant;365;20;0;0;0;6911.357;2892.77772;0;824907.422,
BU07941000;WK079410;Helmond;Metropoolregio Eindhoven;Noord-Brabant;1669;418;0;0;0;23314.6717;8240.64205;0;6570888.55,
BU07941002;WK079410;Helmond;Metropoolregio Eindhoven;Noord-Brabant;1122;238;0;0;0;16283.9844;6121.58057;0;2638525.84,
BU07941003;WK079410;Helmond;Metropoolregio Eindhoven;Noord-Brabant;1654;149;0;0;0;25176.6191;10154.4488;0;3439422.62,
BU07941004;WK079410;Helmond;Metropoolregio Eindhoven;Noord-Brabant;472;113;0;0;0;6452.44696;2183.59104;0;2115034.68,
BU07941005;WK079410;Helmond;Metropoolregio Eindhoven;Noord-Brabant;1445;112;0;0;0;15835.988;6172.02517;0;3541441.98,
BU07941006;WK079410;Helmond;Metropoolregio Eindhoven;Noord-Brabant;812;78;0;0;0;12233.4961;4702.20904;0;2945749.32,
BU07941007;WK079410;Helmond;Metropoolregio Eindhoven;Noord-Brabant;690;102;0;0;0;10706.2845;3901.3997;0;2346282.7,
BU07941100;WK079411;Helmond;Metropoolregio Eindhoven;Noord-Brabant;1232;218;0;0;0;16803.7916;6186.49663;0;3014696,
BU07941101;WK079411;Helmond;Metropoolregio Eindhoven;Noord-Brabant;1227;332;0;0;0;9344.53779;3354.29307;0;2714386.57,
BU07941102;WK079411;Helmond;Metropoolregio Eindhoven;Noord-Brabant;1336;277;0;0;0;12320.0513;4316.72405;0;3231153.88,
BU07941200;WK079412;Helmond;Metropoolregio Eindhoven;Noord-Brabant;1800;284;0;0;0;7935.33322;2753.8965;0;4043706,
BU07941201;WK079412;Helmond;Metropoolregio Eindhoven;Noord-Brabant;1838;327;0;0;0;21806.051;8200.33568;0;4556152.14,
BU07941202;WK079412;Helmond;Metropoolregio Eindhoven;Noord-Brabant;1644;258;0;0;0;27359.2335;10304.2564;0;3347863.72,
BU07941300;WK079413;Helmond;Metropoolregio Eindhoven;Noord-Brabant;1662;139;0;0;0;22016.1477;8619.77998;0;3864916.74,
BU07941301;WK079413;Helmond;Metropoolregio Eindhoven;Noord-Brabant;1005;101;0;0;0;17699.0241;7108.3643;0;2361938.83,
BU07941302;WK079413;Helmond;Metropoolregio Eindhoven;Noord-Brabant;1481;191;0;0;0;26471.6363;10945.6423;0;3248098.72,
BU07941303;WK079413;Helmond;Metropoolregio Eindhoven;Noord-Brabant;571;26;0;0;0;10054.8975;3872.0021;0;1185971.51,
BU07941309;WK079413;Helmond;Metropoolregio Eindhoven;Noord-Brabant;18;5;0;0;0;363.845514;165.651274;0;184870.163,
BU07941400;WK079414;Helmond;Metropoolregio Eindhoven;Noord-Brabant;1379;94;0;0;0;25483.1153;10323.3053;0;2649598.06,
BU07941401;WK079414;Helmond;Metropoolregio Eindhoven;Noord-Brabant;1215;103;0;36645.0356;0;11832.48;36645.0356;0;1286798.69,
BU07941402;WK079414;Helmond;Metropoolregio Eindhoven;Noord-Brabant;1127;25;0;34713.0617;0;10892.32;34713.0617;0;1162562.44,
BU07941404;WK079414;Helmond;Metropoolregio Eindhoven;Noord-Brabant;155;28;0;3636.37942;0;1297.5;3636.37942;0;502297.728,
BU07941409;WK079414;Helmond;Metropoolregio Eindhoven;Noord-Brabant;44;3;0;0;0;919.252136;434.741736;0;262705.497,
BU07941500;WK079415;Helmond;Metropoolregio Eindhoven;Noord-Brabant;1724;191;0;0;0;23749.6097;9125.95373;0;4143312.39,
BU07941501;WK079415;Helmond;Metropoolregio Eindhoven;Noord-Brabant;390;55;0;0;0;6266.33247;2313.33119;0;1190546.66,
BU07941600;WK079416;Helmond;Metropoolregio Eindhoven;Noord-Brabant;639;59;0;0;0;7746.4638;3136.93628;0;1989872.39,
BU07941601;WK079416;Helmond;Metropoolregio Eindhoven;Noord-Brabant;613;66;0;0;0;11877.7911;5162.75853;0;2298615.13,
BU07941609;WK079416;Helmond;Metropoolregio Eindhoven;Noord-Brabant;47;15;0;0;0;904.179562;400.711882;0;1158868.49,
BU07941700;WK079417;Helmond;Metropoolregio Eindhoven;Noord-Brabant;2100;152;0;0;0;34197.21;14394.7111;0;5099791.27,
BU07941701;WK079417;Helmond;Metropoolregio Eindhoven;Noord-Brabant;93;134;0;0;0;1778.10419;758.201954;0;2621427.51,
BU07941709;WK079417;Helmond;Metropoolregio Eindhoven;Noord-Brabant;50;9;0;0;0;1065.99059;515.400912;0;394840.031,
BU07941801;WK079418;Helmond;Metropoolregio Eindhoven;Noord-Brabant;1383;65;0;41824.727;0;13319.46;41824.727;0;1503476.89,
BU07941802;WK079418;Helmond;Metropoolregio Eindhoven;Noord-Brabant;2070;86;0;64029.454;0;20164.6;64029.454;0;1964701.44,
BU07941809;WK079418;Helmond;Metropoolregio Eindhoven;Noord-Brabant;21;8;0;0;0;426.404054;195.174934;0;237717.224,
BU07941900;WK079419;Helmond;Metropoolregio Eindhoven;Noord-Brabant;1694;34;0;0;0;32744.4268;14097.1495;0;3268642.76,
BU07941909;WK079419;Helmond;Metropoolregio Eindhoven;Noord-Brabant;30;5;0;0;0;614.341279;284.005199;0;279887.661,
BU07942100;WK079421;Helmond;Metropoolregio Eindhoven;Noord-Brabant;424;8;0;0;0;8731.35777;4067.04737;0;1157969.69,
BU07942101;WK079421;Helmond;Metropoolregio Eindhoven;Noord-Brabant;1189;50;0;0;0;21622.2437;9491.78656;0;2804809.49,
BU07942102;WK079421;Helmond;Metropoolregio Eindhoven;Noord-Brabant;1167;10;0;0;0;22729.1223;10084.5959;0;2267116.19,
BU07942103;WK079421;Helmond;Metropoolregio Eindhoven;Noord-Brabant;936;2;0;0;0;19740.4146;9490.76945;0;3197156.2,
BU07942104;WK079421;Helmond;Metropoolregio Eindhoven;Noord-Brabant;20;5;0;0;0;410.436451;194.214691;0;1734240.01,
BU07942105;WK079421;Helmond;Metropoolregio Eindhoven;Noord-Brabant;6;3;0;0;0;125.273182;59.2035818;0;781620.168,
BU07942901;WK079429;Helmond;Metropoolregio Eindhoven;Noord-Brabant;112;351;0;0;0;2211.76583;982.594071;0;7117041.04,
BU07942902;WK079429;Helmond;Metropoolregio Eindhoven;Noord-Brabant;2;56;0;0;0;48.9587026;26.9345426;0;4221735.19,
BU08200000;WK082000;Nuenen, Gerwen en Nederwetten;Metropoolregio Eindhoven;Noord-Brabant;2778;329;0;0;0;48214.4816;19431.9394;0;7392061.68
BU08200001;WK082000;Nuenen, Gerwen en Nederwetten;Metropoolregio Eindhoven;Noord-Brabant;3073;305;0;0;0;54372.7653;21117.3589;0;7689653.94
BU08200002;WK082000;Nuenen, Gerwen en Nederwetten;Metropoolregio Eindhoven;Noord-Brabant;2520;31;0;0;0;46922.9562;19540.9247;0;4936856.6
BU08200003;WK082000;Nuenen, Gerwen en Nederwetten;Metropoolregio Eindhoven;Noord-Brabant;300;133;0;0;0;6013.60911;2710.40319;0;2298037.83
BU08200008;WK082000;Nuenen, Gerwen en Nederwetten;Metropoolregio Eindhoven;Noord-Brabant;283;17;0;0;0;6022.03491;2910.17491;0;2941118.36
BU08200009;WK082000;Nuenen, Gerwen en Nederwetten;Metropoolregio Eindhoven;Noord-Brabant;28;8;0;0;0;573.029405;264.717885;0;981695.401
BU08200100;WK082001;Nuenen, Gerwen en Nederwetten;Metropoolregio Eindhoven;Noord-Brabant;712;23;0;0;0;13787.9014;5988.74854;0;2115916.51
BU08200109;WK082001;Nuenen, Gerwen en Nederwetten;Metropoolregio Eindhoven;Noord-Brabant;107;10;0;0;0;2180.4363;1006.26446;0;647428.2
BU08200200;WK082002;Nuenen, Gerwen en Nederwetten;Metropoolregio Eindhoven;Noord-Brabant;304;8;0;0;0;6078.0544;2750.84832;0;941331.191
BU08200209;WK082002;Nuenen, Gerwen en Nederwetten;Metropoolregio Eindhoven;Noord-Brabant;50;3;0;0;0;985.04758;434.52846;0;226317.851
BU08230000;WK082300;Oirschot;Metropoolregio Eindhoven;Noord-Brabant;2144;265;0;0;0;36278.4083;14189.571;0;5180890.88,
BU08230001;WK082300;Oirschot;Metropoolregio Eindhoven;Noord-Brabant;66;6;0;0;0;1346.66472;619.935676;0;355605.738,
BU08230002;WK082300;Oirschot;Metropoolregio Eindhoven;Noord-Brabant;1562;71;0;0;0;28491.0307;11342.8172;0;3235128.75,
BU08230003;WK082300;Oirschot;Metropoolregio Eindhoven;Noord-Brabant;120;77;0;0;0;2178.47468;965.3462;0;1081401.13,
BU08230004;WK082300;Oirschot;Metropoolregio Eindhoven;Noord-Brabant;146;4;0;0;0;2940.01522;1360.43826;0;617011.953,
BU08230005;WK082300;Oirschot;Metropoolregio Eindhoven;Noord-Brabant;76;12;0;0;0;1559.33978;726.50234;0;398305.506,
BU08230008;WK082300;Oirschot;Metropoolregio Eindhoven;Noord-Brabant;440;297;0;0;0;9014.11702;4261.72494;0;5187881.04,
BU08230009;WK082300;Oirschot;Metropoolregio Eindhoven;Noord-Brabant;137;21;0;0;0;2751.05558;1254.57846;0;1083429.67,
BU08230100;WK082301;Oirschot;Metropoolregio Eindhoven;Noord-Brabant;299;11;0;0;0;5891.60915;2639.68747;0;651853.017,
BU08230109;WK082301;Oirschot;Metropoolregio Eindhoven;Noord-Brabant;687;27;0;0;0;14464.7668;6921.65148;0;2352096.98,
BU08230200;WK082302;Oirschot;Metropoolregio Eindhoven;Noord-Brabant;1161;42;0;0;0;22069.4702;9565.15552;0;2692388.14,
BU08230208;WK082302;Oirschot;Metropoolregio Eindhoven;Noord-Brabant;111;96;0;0;0;2228.61481;1018.42273;0;748463.816,
BU08230209;WK082302;Oirschot;Metropoolregio Eindhoven;Noord-Brabant;216;81;0;0;0;4491.93209;2121.45889;0;1839486.67,
BU08230300;WK082303;Oirschot;Metropoolregio Eindhoven;Noord-Brabant;464;10;0;0;0;8994.8146;3894.193;0;1062644.89,
BU08230309;WK082303;Oirschot;Metropoolregio Eindhoven;Noord-Brabant;205;16;0;0;0;4137.27253;1906.03589;0;1073806.14,
BU08470000;WK084700;Someren;Metropoolregio Eindhoven;Noord-Brabant;4878;471;0;0;0;76253.5796;31647.1351;0;12389986.7,
BU08470008;WK084700;Someren;Metropoolregio Eindhoven;Noord-Brabant;146;17;0;0;0;3031.29094;1423.62702;0;947063.326,
BU08470009;WK084700;Someren;Metropoolregio Eindhoven;Noord-Brabant;288;90;0;0;0;5701.00781;2666.05269;0;5670157.85,
BU08470100;WK084701;Someren;Metropoolregio Eindhoven;Noord-Brabant;598;35;0;0;0;9770.92314;4229.83146;0;1701341.87,
BU08470108;WK084701;Someren;Metropoolregio Eindhoven;Noord-Brabant;122;33;0;0;0;2480.68695;1141.36703;0;535370.042,
BU08470109;WK084701;Someren;Metropoolregio Eindhoven;Noord-Brabant;115;13;0;0;0;2363.28671;1097.01703;0;1734503.96,
BU08470200;WK084702;Someren;Metropoolregio Eindhoven;Noord-Brabant;1100;95;0;0;0;19477.8445;8280.90607;0;4580256.84,
BU08470208;WK084702;Someren;Metropoolregio Eindhoven;Noord-Brabant;61;7;0;0;0;1241.60631;573.941752;0;476658.194,
BU08470209;WK084702;Someren;Metropoolregio Eindhoven;Noord-Brabant;192;16;0;0;0;3876.09238;1785.98582;0;6800054.77,
BU08470300;WK084703;Someren;Metropoolregio Eindhoven;Noord-Brabant;260;15;0;0;0;5265.88776;2407.06472;0;740196.176,
BU08470309;WK084703;Someren;Metropoolregio Eindhoven;Noord-Brabant;231;36;0;0;0;4719.66277;2184.08749;0;1297007.51,
BU08470909;WK084709;Someren;Metropoolregio Eindhoven;Noord-Brabant;31;6;0;0;0;633.021361;291.676801;0;180024.803,
BU08480000;WK084800;Son en Breugel;Metropoolregio Eindhoven;Noord-Brabant;2464;278;0;0;0;42671.7591;16867.8061;0;6124850.75,
BU08480001;WK084800;Son en Breugel;Metropoolregio Eindhoven;Noord-Brabant;1716;139;0;0;0;31447.6746;12636.1503;0;3822571.88,
BU08480002;WK084800;Son en Breugel;Metropoolregio Eindhoven;Noord-Brabant;23;251;0;0;0;452.566143;201.326143;0;6038223.42,
BU08480003;WK084800;Son en Breugel;Metropoolregio Eindhoven;Noord-Brabant;445;2;0;0;0;8662.04888;3846.4984;0;849414.138,
BU08480009;WK084800;Son en Breugel;Metropoolregio Eindhoven;Noord-Brabant;501;18;0;0;0;10638.5086;5166.47072;0;2104118.89,
BU08480100;WK084801;Son en Breugel;Metropoolregio Eindhoven;Noord-Brabant;464;57;0;0;0;8872.67778;3764.11994;0;1228310.43,
BU08480101;WK084801;Son en Breugel;Metropoolregio Eindhoven;Noord-Brabant;1445;163;0;0;0;25395.3027;9680.10101;0;2930880.3,
BU08480109;WK084801;Son en Breugel;Metropoolregio Eindhoven;Noord-Brabant;47;8;0;0;0;970.129949;452.597149;0;278990.126,
BU08580000;WK085800;Valkenswaard;Metropoolregio Eindhoven;Noord-Brabant;2344;566;0;0;0;37144.9045;14256.5375;0;6713243.91,
BU08580001;WK085800;Valkenswaard;Metropoolregio Eindhoven;Noord-Brabant;1710;150;0;0;0;28675.2704;10980.4831;0;3631748.09,
BU08580002;WK085800;Valkenswaard;Metropoolregio Eindhoven;Noord-Brabant;810;88;0;0;0;14544.1708;5715.06545;0;2109340.11,
BU08580003;WK085800;Valkenswaard;Metropoolregio Eindhoven;Noord-Brabant;1376;158;0;0;0;24305.0711;9599.65805;0;3194678.33,
BU08580004;WK085800;Valkenswaard;Metropoolregio Eindhoven;Noord-Brabant;1370;69;0;0;0;24677.6076;10151.5336;0;3157739.88,
BU08580005;WK085800;Valkenswaard;Metropoolregio Eindhoven;Noord-Brabant;1110;109;0;0;0;18791.5359;6871.09144;0;2391748.66,
BU08580006;WK085800;Valkenswaard;Metropoolregio Eindhoven;Noord-Brabant;1389;142;0;0;0;23640.4145;9364.15323;0;3304483.32,
BU08580007;WK085800;Valkenswaard;Metropoolregio Eindhoven;Noord-Brabant;41;123;0;0;0;832.783325;389.326445;0;3665910.43,
BU08580009;WK085800;Valkenswaard;Metropoolregio Eindhoven;Noord-Brabant;137;155;0;0;0;2796.23768;1299.72312;0;1356460.64,
BU08580100;WK085801;Valkenswaard;Metropoolregio Eindhoven;Noord-Brabant;144;23;0;0;0;2257.01742;823.984942;0;425002.691,
BU08580101;WK085801;Valkenswaard;Metropoolregio Eindhoven;Noord-Brabant;765;56;0;0;0;14051.6043;5629.77939;0;1560303.46,
BU08580102;WK085801;Valkenswaard;Metropoolregio Eindhoven;Noord-Brabant;1053;41;0;0;0;18745.9197;7213.82509;0;2054374.58,
BU08580103;WK085801;Valkenswaard;Metropoolregio Eindhoven;Noord-Brabant;747;8;0;0;0;13401.0863;5233.57186;0;1433454.9,
BU08580104;WK085801;Valkenswaard;Metropoolregio Eindhoven;Noord-Brabant;18;2;0;0;0;353.713292;155.524972;0;110732.963,
BU08580105;WK085801;Valkenswaard;Metropoolregio Eindhoven;Noord-Brabant;516;3;0;0;0;9744.10385;4063.20129;0;980560.076,
BU08580106;WK085801;Valkenswaard;Metropoolregio Eindhoven;Noord-Brabant;680;59;0;0;0;13325.8655;5871.42603;0;1726707.41,
BU08580200;WK085802;Valkenswaard;Metropoolregio Eindhoven;Noord-Brabant;236;27;0;0;0;4584.48941;2018.10629;0;729738.135,
BU08580201;WK085802;Valkenswaard;Metropoolregio Eindhoven;Noord-Brabant;61;10;0;0;0;1228.36579;560.699073;0;284463.798,
BU08580208;WK085802;Valkenswaard;Metropoolregio Eindhoven;Noord-Brabant;78;18;0;0;0;1537.98688;695.164398;0;453027.177,
BU08580209;WK085802;Valkenswaard;Metropoolregio Eindhoven;Noord-Brabant;51;19;0;0;0;997.014407;441.488407;0;366965.707,
BU08610000;WK086100;Veldhoven;Metropoolregio Eindhoven;Noord-Brabant;2235;466;0;0;0;40628.0421;16521.1083;0;9420524.18,
BU08610001;WK086100;Veldhoven;Metropoolregio Eindhoven;Noord-Brabant;1150;278;0;0;0;19459.7356;7436.68747;0;5478744.14,
BU08610002;WK086100;Veldhoven;Metropoolregio Eindhoven;Noord-Brabant;2334;213;0;0;0;41571.5502;16689.0936;0;5706128.77,
BU08610003;WK086100;Veldhoven;Metropoolregio Eindhoven;Noord-Brabant;2028;128;0;0;0;33626.9896;12432.6091;0;4078512.01,
BU08610004;WK086100;Veldhoven;Metropoolregio Eindhoven;Noord-Brabant;1590;367;0;0;0;26892.4495;10068.2201;0;3269111.41,
BU08610005;WK086100;Veldhoven;Metropoolregio Eindhoven;Noord-Brabant;1213;255;0;0;0;21218.4289;8331.10741;0;2645274.3,
BU08610006;WK086100;Veldhoven;Metropoolregio Eindhoven;Noord-Brabant;2128;242;0;0;0;33839.3201;12293.8241;0;5130228.81,
BU08610009;WK086100;Veldhoven;Metropoolregio Eindhoven;Noord-Brabant;82;17;0;0;0;1684.62386;785.701781;0;653154.682,
BU08610100;WK086101;Veldhoven;Metropoolregio Eindhoven;Noord-Brabant;1584;69;0;0;0;28005.2525;10761.6202;0;3109283.36,
BU08610101;WK086101;Veldhoven;Metropoolregio Eindhoven;Noord-Brabant;1068;25;0;0;0;19718.9248;8059.00648;0;2400387.81,
BU08610102;WK086101;Veldhoven;Metropoolregio Eindhoven;Noord-Brabant;1630;24;0;0;0;30749.5272;13120.4159;0;3449165.39,
BU08610103;WK086101;Veldhoven;Metropoolregio Eindhoven;Noord-Brabant;1243;51;0;0;0;22310.9685;9588.59955;0;2537174.84,
BU08610200;WK086102;Veldhoven;Metropoolregio Eindhoven;Noord-Brabant;929;96;0;0;0;18592.437;8536.09048;0;3863354.61,
BU08610201;WK086102;Veldhoven;Metropoolregio Eindhoven;Noord-Brabant;46;4;0;0;0;964.766307;458.241987;0;285528.422,
BU08610207;WK086102;Veldhoven;Metropoolregio Eindhoven;Noord-Brabant;57;128;0;0;0;1201.79643;574.124591;0;3051321.78,
BU08610208;WK086102;Veldhoven;Metropoolregio Eindhoven;Noord-Brabant;79;8;0;0;0;1594.61857;728.754727;0;1814804.71,
BU08610209;WK086102;Veldhoven;Metropoolregio Eindhoven;Noord-Brabant;317;23;0;0;0;6460.14534;3067.82414;0;1252356.09,
BU08660000;WK086600;Waalre;Metropoolregio Eindhoven;Noord-Brabant;2780;280;0;0;0;50283.55;20299.0127;0;7966160.77,
BU08660001;WK086600;Waalre;Metropoolregio Eindhoven;Noord-Brabant;1719;240;0;0;0;29587.6141;11890.6881;0;4413590.89,
BU08660002;WK086600;Waalre;Metropoolregio Eindhoven;Noord-Brabant;1321;108;0;0;0;23115.2042;8992.81113;0;4876873.35,
BU08660003;WK086600;Waalre;Metropoolregio Eindhoven;Noord-Brabant;1627;83;0;0;0;29478.1675;11660.6346;0;3361661.1,
BU08660009;WK086600;Waalre;Metropoolregio Eindhoven;Noord-Brabant;141;41;0;0;0;2935.04472;1386.43552;0;3296780.85,
BU16520000;WK165200;Gemert-Bakel;Metropoolregio Eindhoven;Noord-Brabant;2084;297;0;0;0;32980.5286;13535.8262;0;5901860.42,
BU16520001;WK165200;Gemert-Bakel;Metropoolregio Eindhoven;Noord-Brabant;1656;126;0;0;0;24006.5068;9520.92625;0;4139088.07,
BU16520002;WK165200;Gemert-Bakel;Metropoolregio Eindhoven;Noord-Brabant;2497;71;0;0;0;40325.006;16940.7754;0;5448911.55,
BU16520003;WK165200;Gemert-Bakel;Metropoolregio Eindhoven;Noord-Brabant;44;40;0;0;0;937.649819;453.128699;0;1162700.3,
BU16520004;WK165200;Gemert-Bakel;Metropoolregio Eindhoven;Noord-Brabant;392;4;0;0;0;8191.01739;3898.75595;0;794333.85,
BU16520007;WK165200;Gemert-Bakel;Metropoolregio Eindhoven;Noord-Brabant;231;12;0;0;0;4809.14745;2281.67657;0;1049782.95,
BU16520008;WK165200;Gemert-Bakel;Metropoolregio Eindhoven;Noord-Brabant;122;11;0;0;0;2378.89272;1055.65984;0;533180.915,
BU16520009;WK165200;Gemert-Bakel;Metropoolregio Eindhoven;Noord-Brabant;74;26;0;0;0;1510.53456;703.711203;0;794849.138,
BU16520100;WK165201;Gemert-Bakel;Metropoolregio Eindhoven;Noord-Brabant;592;31;0;0;0;10634.9305;4512.5747;0;1492407.36,
BU16520108;WK165201;Gemert-Bakel;Metropoolregio Eindhoven;Noord-Brabant;77;5;0;0;0;1554.70324;714.870437;0;349941.751,
BU16520109;WK165201;Gemert-Bakel;Metropoolregio Eindhoven;Noord-Brabant;84;70;0;0;0;1712.8272;799.904402;0;609788.726,
BU16520200;WK165202;Gemert-Bakel;Metropoolregio Eindhoven;Noord-Brabant;377;17;0;0;0;7193.95496;3182.19528;0;980880.423,
BU16520208;WK165202;Gemert-Bakel;Metropoolregio Eindhoven;Noord-Brabant;64;1;0;0;0;1327.20381;622.47485;0;287080.407,
BU16520209;WK165202;Gemert-Bakel;Metropoolregio Eindhoven;Noord-Brabant;150;12;0;0;0;3066.95011;1431.28051;0;884097.594,
BU16520300;WK165203;Gemert-Bakel;Metropoolregio Eindhoven;Noord-Brabant;242;16;0;0;0;4711.51326;2085.07622;0;694363.738,
BU16520309;WK165203;Gemert-Bakel;Metropoolregio Eindhoven;Noord-Brabant;177;121;0;0;0;3658.48491;1717.49099;0;1736804.08,
BU16520400;WK165204;Gemert-Bakel;Metropoolregio Eindhoven;Noord-Brabant;1845;124;0;0;0;33349.3423;14174.4199;0;4897374.03,
BU16520408;WK165204;Gemert-Bakel;Metropoolregio Eindhoven;Noord-Brabant;456;27;0;0;0;9824.52311;4834.84935;0;1528709.66,
BU16520409;WK165204;Gemert-Bakel;Metropoolregio Eindhoven;Noord-Brabant;194;8;0;0;0;4021.74162;1893.59034;0;770636.266,
BU16520500;WK165205;Gemert-Bakel;Metropoolregio Eindhoven;Noord-Brabant;587;17;0;0;0;11097.0866;4816.33916;0;1451441.39,
BU16520508;WK165205;Gemert-Bakel;Metropoolregio Eindhoven;Noord-Brabant;100;7;0;0;0;2045.25773;952.142526;0;586260.1,
BU16520509;WK165205;Gemert-Bakel;Metropoolregio Eindhoven;Noord-Brabant;189;112;0;0;0;3914.26549;1837.16141;0;957950.425,
BU16520600;WK165206;Gemert-Bakel;Metropoolregio Eindhoven;Noord-Brabant;362;18;0;0;0;6979.72099;3114.13675;0;892939.15,
BU16520609;WK165206;Gemert-Bakel;Metropoolregio Eindhoven;Noord-Brabant;110;7;0;0;0;2233.68984;1022.49272;0;730254.943,
BU16580000;WK165800;Heeze-Leende;Metropoolregio Eindhoven;Noord-Brabant;4019;294;0;0;0;61564.3508;25476.7589;0;10178815.8,
BU16580001;WK165800;Heeze-Leende;Metropoolregio Eindhoven;Noord-Brabant;13;17;0;0;0;283.603858;140.436738;0;169618.599,
BU16580009;WK165800;Heeze-Leende;Metropoolregio Eindhoven;Noord-Brabant;253;211;0;0;0;4944.95624;2204.3416;0;2734812.06,
BU16580100;WK165801;Heeze-Leende;Metropoolregio Eindhoven;Noord-Brabant;1527;142;0;0;0;23993.3734;10202.1726;0;4501779.42,
BU16580101;WK165801;Heeze-Leende;Metropoolregio Eindhoven;Noord-Brabant;61;2;0;0;0;855.191871;403.722751;0;226790.542,
BU16580108;WK165801;Heeze-Leende;Metropoolregio Eindhoven;Noord-Brabant;40;12;0;0;0;813.18875;376.74291;0;398796.364,
BU16580109;WK165801;Heeze-Leende;Metropoolregio Eindhoven;Noord-Brabant;71;6;0;0;0;1483.88731;702.055066;0;513301.683,
BU16580200;WK165802;Heeze-Leende;Metropoolregio Eindhoven;Noord-Brabant;162;12;0;0;0;3292.77811;1512.99179;0;681870.93,
BU16580209;WK165802;Heeze-Leende;Metropoolregio Eindhoven;Noord-Brabant;23;3;0;0;0;479.925784;230.659384;0;230313.555,
BU16580300;WK165803;Heeze-Leende;Metropoolregio Eindhoven;Noord-Brabant;391;18;0;0;0;7206.01018;3224.23122;0;1274387.77,
BU16580308;WK165803;Heeze-Leende;Metropoolregio Eindhoven;Noord-Brabant;39;1;0;0;0;783.279303;357.856263;0;266718.249,
BU16580309;WK165803;Heeze-Leende;Metropoolregio Eindhoven;Noord-Brabant;199;57;0;0;0;4001.85191;1880.85431;0;1116189.01,
BU16590000;WK165900;Laarbeek;Metropoolregio Eindhoven;Noord-Brabant;2336;241;0;0;0;38891.6718;16264.8549;0;5688451.54,
BU16590001;WK165900;Laarbeek;Metropoolregio Eindhoven;Noord-Brabant;1729;133;0;0;0;27938.73;11277.5638;0;4044061.06,
BU16590002;WK165900;Laarbeek;Metropoolregio Eindhoven;Noord-Brabant;59;24;0;0;0;1175.76978;534.134345;0;399148.179,
BU16590003;WK165900;Laarbeek;Metropoolregio Eindhoven;Noord-Brabant;100;43;0;0;0;2189.58501;1092.33341;0;688429.392,
BU16590009;WK165900;Laarbeek;Metropoolregio Eindhoven;Noord-Brabant;333;32;0;0;0;6770.40896;3135.93784;0;4881446.15,
BU16590100;WK165901;Laarbeek;Metropoolregio Eindhoven;Noord-Brabant;2204;133;0;0;0;39473.278;16777.5363;0;5407296.49,
BU16590101;WK165901;Laarbeek;Metropoolregio Eindhoven;Noord-Brabant;19;4;0;0;0;397.577158;188.353318;0;68610.9885,
BU16590102;WK165901;Laarbeek;Metropoolregio Eindhoven;Noord-Brabant;5;3;0;0;0;100.881801;45.8264409;0;45475.3118,
BU16590108;WK165901;Laarbeek;Metropoolregio Eindhoven;Noord-Brabant;56;7;0;0;0;1089.9306;481.362841;0;395084.267,
BU16590109;WK165901;Laarbeek;Metropoolregio Eindhoven;Noord-Brabant;82;15;0;0;0;1678.33216;779.419037;0;1798330.36,
BU16590200;WK165902;Laarbeek;Metropoolregio Eindhoven;Noord-Brabant;1515;99;0;0;0;25832.7148;10834.7364;0;3680923.15,
BU16590201;WK165902;Laarbeek;Metropoolregio Eindhoven;Noord-Brabant;11;40;0;0;0;231.065687;109.936087;0;1521815.53,
BU16590209;WK165902;Laarbeek;Metropoolregio Eindhoven;Noord-Brabant;271;17;0;0;0;5553.90723;2581.89275;0;1380875.23,
BU16590300;WK165903;Laarbeek;Metropoolregio Eindhoven;Noord-Brabant;449;29;0;0;0;8522.88068;3754.40236;0;1173059.31,
BU16590309;WK165903;Laarbeek;Metropoolregio Eindhoven;Noord-Brabant;270;22;0;0;0;5482.64651;2545.67195;0;1509378.22,
BU16670000;WK166700;Reusel-De Mierden;Metropoolregio Eindhoven;Noord-Brabant;3114;249;0;0;0;55664.1919;23426.1412;0;7342326.45,
BU16670001;WK166700;Reusel-De Mierden;Metropoolregio Eindhoven;Noord-Brabant;133;16;0;0;0;2750.19959;1301.67575;0;734219.115,
BU16670002;WK166700;Reusel-De Mierden;Metropoolregio Eindhoven;Noord-Brabant;113;32;0;0;0;2270.45979;1030.23459;0;756061.795,
BU16670008;WK166700;Reusel-De Mierden;Metropoolregio Eindhoven;Noord-Brabant;217;6;0;0;0;4516.2684;2138.95424;0;780504.484,
BU16670009;WK166700;Reusel-De Mierden;Metropoolregio Eindhoven;Noord-Brabant;76;13;0;0;0;1596.05901;763.164128;0;613043.421,
BU16670100;WK166701;Reusel-De Mierden;Metropoolregio Eindhoven;Noord-Brabant;560;17;0;0;0;11191.0677;5043.14644;0;1818368.19,
BU16670109;WK166701;Reusel-De Mierden;Metropoolregio Eindhoven;Noord-Brabant;132;82;0;0;0;2666.27159;1226.82935;0;993020.079,
BU16670200;WK166702;Reusel-De Mierden;Metropoolregio Eindhoven;Noord-Brabant;631;37;0;0;0;12158.4292;5409.06181;0;1647073.43,
BU16670209;WK166702;Reusel-De Mierden;Metropoolregio Eindhoven;Noord-Brabant;127;163;0;0;0;2646.05114;1251.61282;0;1016590.26,
BU16670300;WK166703;Reusel-De Mierden;Metropoolregio Eindhoven;Noord-Brabant;241;7;0;0;0;4908.33926;2258.70958;0;723952.26,
BU16670309;WK166703;Reusel-De Mierden;Metropoolregio Eindhoven;Noord-Brabant;66;5;0;0;0;1335.9722;621.239075;0;350782.068,
BU17060000;WK170600;Cranendonck;Metropoolregio Eindhoven;Noord-Brabant;3638;423;0;0;0;59093.1264;24468.4245;0;9752713.34,
BU17060001;WK170600;Cranendonck;Metropoolregio Eindhoven;Noord-Brabant;156;8;0;0;0;3060.53182;1354.90942;0;634611.287,
BU17060002;WK170600;Cranendonck;Metropoolregio Eindhoven;Noord-Brabant;154;9;0;0;0;3026.8111;1343.20862;0;590040.174,
BU17060009;WK170600;Cranendonck;Metropoolregio Eindhoven;Noord-Brabant;49;96;0;0;0;998.959342;467.405742;0;2426090.74,
BU17060008;WK170600;Cranendonck;Metropoolregio Eindhoven;Noord-Brabant;142;16;0;0;0;2848.99908;1313.46132;0;609926.741,
BU17060100;WK170601;Cranendonck;Metropoolregio Eindhoven;Noord-Brabant;842;35;0;0;0;14884.1476;6225.61232;0;1968574.2,
BU17060101;WK170601;Cranendonck;Metropoolregio Eindhoven;Noord-Brabant;47;8;0;0;0;916.038277;406.554437;0;261096.373,
BU17060109;WK170601;Cranendonck;Metropoolregio Eindhoven;Noord-Brabant;44;1;0;0;0;883.310567;402.842087;0;199662.437,
BU17060200;WK170602;Cranendonck;Metropoolregio Eindhoven;Noord-Brabant;604;21;0;0;0;10869.3702;4505.85682;0;1564697.84,
BU17060201;WK170602;Cranendonck;Metropoolregio Eindhoven;Noord-Brabant;0;18;0;0;0;0;0;0;585026.659,
BU17060209;WK170602;Cranendonck;Metropoolregio Eindhoven;Noord-Brabant;12;4;0;0;0;236.028325;107.901285;0;139764.503,
BU17060300;WK170603;Cranendonck;Metropoolregio Eindhoven;Noord-Brabant;1997;154;0;0;0;30286.4378;12635.9844;0;5208519.95,
BU17060301;WK170603;Cranendonck;Metropoolregio Eindhoven;Noord-Brabant;91;5;0;0;0;1957.75007;955.626068;0;366352.12,
BU17060302;WK170603;Cranendonck;Metropoolregio Eindhoven;Noord-Brabant;3;79;0;0;0;65.0624413;32.0245213;0;896244.365,
BU17060308;WK170603;Cranendonck;Metropoolregio Eindhoven;Noord-Brabant;83;18;0;0;0;1730.99209;817.029051;0;596137.26,
BU17060309;WK170603;Cranendonck;Metropoolregio Eindhoven;Noord-Brabant;45;7;0;0;0;945.474689;449.941569;0;336473.129,
BU17060400;WK170604;Cranendonck;Metropoolregio Eindhoven;Noord-Brabant;706;40;0;0;0;12571.1898;5719.52866;0;2114572.6,
BU17060409;WK170604;Cranendonck;Metropoolregio Eindhoven;Noord-Brabant;32;16;0;0;0;646.627916;302.270956;0;428239.974,
BU17060500;WK170605;Cranendonck;Metropoolregio Eindhoven;Noord-Brabant;304;14;0;0;0;6255.62881;2912.21833;0;950488.023,
BU17060509;WK170605;Cranendonck;Metropoolregio Eindhoven;Noord-Brabant;3;0;0;0;0;65.4220652;32.3836652;0;91510.5551,
BU17240001;WK172400;Bergeijk;Metropoolregio Eindhoven;Noord-Brabant;166;10;0;0;0;3187.85158;1406.17606;0;556686.335,
BU17240002;WK172400;Bergeijk;Metropoolregio Eindhoven;Noord-Brabant;65;0;0;0;0;893.389514;390.923674;0;249527.669,
BU17240003;WK172400;Bergeijk;Metropoolregio Eindhoven;Noord-Brabant;503;18;0;0;0;8657.42151;3456.39215;0;1052290.61,
BU17240004;WK172400;Bergeijk;Metropoolregio Eindhoven;Noord-Brabant;185;25;0;0;0;3246.26419;1329.66579;0;529956.597,
BU17240005;WK172400;Bergeijk;Metropoolregio Eindhoven;Noord-Brabant;318;15;0;0;0;5214.47446;2069.88598;0;625659.293,
BU17240006;WK172400;Bergeijk;Metropoolregio Eindhoven;Noord-Brabant;413;40;0;0;0;6917.28046;2781.87502;0;927424.607,
BU17240007;WK172400;Bergeijk;Metropoolregio Eindhoven;Noord-Brabant;129;90;0;3177.19717;0;1107.85;3177.19717;0;645882.451,
BU17240008;WK172400;Bergeijk;Metropoolregio Eindhoven;Noord-Brabant;195;18;0;0;0;3097.57751;1219.17887;0;559068.78,
BU17240009;WK172400;Bergeijk;Metropoolregio Eindhoven;Noord-Brabant;93;3;0;0;0;1943.30793;931.224649;0;262550.504,
BU17240010;WK172400;Bergeijk;Metropoolregio Eindhoven;Noord-Brabant;270;1;0;0;0;5369.89054;2397.0899;0;514929.037,
BU17240011;WK172400;Bergeijk;Metropoolregio Eindhoven;Noord-Brabant;131;6;0;0;0;2675.51907;1237.07587;0;437167.821,
BU17240012;WK172400;Bergeijk;Metropoolregio Eindhoven;Noord-Brabant;170;43;0;0;0;3082.12483;1210.59875;0;371196.753,
BU17240013;WK172400;Bergeijk;Metropoolregio Eindhoven;Noord-Brabant;508;46;0;0;0;8681.58427;3575.18211;0;1092709.76,
BU17240014;WK172400;Bergeijk;Metropoolregio Eindhoven;Noord-Brabant;387;18;0;0;0;7069.51397;2808.96981;0;840167.385,
BU17240015;WK172400;Bergeijk;Metropoolregio Eindhoven;Noord-Brabant;101;1;0;0;0;2060.36949;956.265011;0;205880.454,
BU17240016;WK172400;Bergeijk;Metropoolregio Eindhoven;Noord-Brabant;85;8;0;0;0;1688.71134;760.856135;0;256851.215,
BU17240017;WK172400;Bergeijk;Metropoolregio Eindhoven;Noord-Brabant;50;16;0;0;0;821.394881;358.965121;0;407785.079,
BU17240101;WK172401;Bergeijk;Metropoolregio Eindhoven;Noord-Brabant;210;12;0;0;0;4090.76007;1880.55951;0;557387.95,
BU17240201;WK172402;Bergeijk;Metropoolregio Eindhoven;Noord-Brabant;174;2;0;0;0;3516.91814;1601.0675;0;397878.232,
BU17240202;WK172402;Bergeijk;Metropoolregio Eindhoven;Noord-Brabant;178;0;0;0;0;3201.15576;1392.45664;0;367915.762,
BU17240203;WK172402;Bergeijk;Metropoolregio Eindhoven;Noord-Brabant;77;7;0;0;0;1325.59376;588.891837;0;250452.299,
BU17240204;WK172402;Bergeijk;Metropoolregio Eindhoven;Noord-Brabant;205;4;0;0;0;3541.60802;1530.79906;0;447234.601,
BU17240205;WK172402;Bergeijk;Metropoolregio Eindhoven;Noord-Brabant;78;6;0;0;0;1167.42797;491.858366;0;191185.756,
BU17240206;WK172402;Bergeijk;Metropoolregio Eindhoven;Noord-Brabant;73;5;0;0;0;1203.93034;525.306101;0;220142.527,
BU17240207;WK172402;Bergeijk;Metropoolregio Eindhoven;Noord-Brabant;75;14;0;0;0;1348.24964;574.564036;0;270799.079,
BU17240208;WK172402;Bergeijk;Metropoolregio Eindhoven;Noord-Brabant;92;0;0;0;0;1707.88535;738.987435;0;205067.501,
BU17240209;WK172402;Bergeijk;Metropoolregio Eindhoven;Noord-Brabant;5;4;0;0;0;107.46819;52.4061101;0;73587.3199,
BU17240210;WK172402;Bergeijk;Metropoolregio Eindhoven;Noord-Brabant;41;1;0;0;0;655.314416;254.021376;0;112820.894,
BU17240211;WK172402;Bergeijk;Metropoolregio Eindhoven;Noord-Brabant;2;1;0;0;0;43.9808955;21.9548155;0;37466.7025,
BU17240301;WK172403;Bergeijk;Metropoolregio Eindhoven;Noord-Brabant;25;4;0;0;0;477.766805;202.517365;0;94923.2747,
BU17240302;WK172403;Bergeijk;Metropoolregio Eindhoven;Noord-Brabant;206;7;0;0;0;3882.58567;1618.58519;0;500566.517,
BU17240303;WK172403;Bergeijk;Metropoolregio Eindhoven;Noord-Brabant;87;1;0;0;0;1637.31312;687.481676;0;290190.094,
BU17240304;WK172403;Bergeijk;Metropoolregio Eindhoven;Noord-Brabant;155;6;0;0;0;3061.32497;1419.76601;0;402084.91,
BU17240306;WK172403;Bergeijk;Metropoolregio Eindhoven;Noord-Brabant;145;8;0;0;0;2584.44832;1109.0868;0;355939.581,
BU17240307;WK172403;Bergeijk;Metropoolregio Eindhoven;Noord-Brabant;164;2;0;0;0;1858.32808;873.316405;0;572827.885,
BU17240401;WK172404;Bergeijk;Metropoolregio Eindhoven;Noord-Brabant;141;14;0;0;0;2572.84597;1100.55133;0;609529.581,
BU17240402;WK172404;Bergeijk;Metropoolregio Eindhoven;Noord-Brabant;74;10;0;0;0;1458.47299;647.704345;0;293857.649,
BU17240403;WK172404;Bergeijk;Metropoolregio Eindhoven;Noord-Brabant;102;10;0;0;0;1967.42345;856.382574;0;298051.201,
BU17240404;WK172404;Bergeijk;Metropoolregio Eindhoven;Noord-Brabant;29;3;0;0;0;572.823152;267.527872;0;98477.4661,
BU17240405;WK172404;Bergeijk;Metropoolregio Eindhoven;Noord-Brabant;138;1;0;0;0;2489.66462;1040.38774;0;291073.723,
BU17240406;WK172404;Bergeijk;Metropoolregio Eindhoven;Noord-Brabant;48;2;0;0;0;894.002198;377.546518;0;115377.999,
BU17240407;WK172404;Bergeijk;Metropoolregio Eindhoven;Noord-Brabant;98;1;0;0;0;1938.12659;859.088672;0;210125.828,
BU17240408;WK172404;Bergeijk;Metropoolregio Eindhoven;Noord-Brabant;149;1;0;0;0;2486.48469;1115.29237;0;224838.837,
BU17240409;WK172404;Bergeijk;Metropoolregio Eindhoven;Noord-Brabant;20;5;0;0;0;424.785966;204.548126;0;103329.006,
BU17240501;WK172405;Bergeijk;Metropoolregio Eindhoven;Noord-Brabant;155;15;0;0;0;2994.5225;1328.94858;0;549637.796,
BU17240502;WK172405;Bergeijk;Metropoolregio Eindhoven;Noord-Brabant;138;3;0;0;0;2802.46359;1301.08647;0;315816.679,
BU17240503;WK172405;Bergeijk;Metropoolregio Eindhoven;Noord-Brabant;12;14;0;0;0;243.396744;115.258024;0;373584.22,
BU17240504;WK172405;Bergeijk;Metropoolregio Eindhoven;Noord-Brabant;65;0;0;0;0;1358.7158;643.096921;0;236296.054,
BU17240505;WK172405;Bergeijk;Metropoolregio Eindhoven;Noord-Brabant;65;2;0;0;0;1200.02316;567.351962;0;157411.738,
BU17240601;WK172406;Bergeijk;Metropoolregio Eindhoven;Noord-Brabant;71;7;0;0;0;1432.60629;662.827652;0;409617.354,
BU17240602;WK172406;Bergeijk;Metropoolregio Eindhoven;Noord-Brabant;61;10;0;0;0;1196.02809;540.389374;0;293843.429,
BU17240603;WK172406;Bergeijk;Metropoolregio Eindhoven;Noord-Brabant;109;11;0;0;0;1994.86682;870.85482;0;464826.868,
BU17240604;WK172406;Bergeijk;Metropoolregio Eindhoven;Noord-Brabant;28;12;0;0;0;571.536635;274.217995;0;794138.364,
BU17240605;WK172406;Bergeijk;Metropoolregio Eindhoven;Noord-Brabant;22;788;0;0;0;461.11852;220.85716;0;1503363.38,
BU17240606;WK172406;Bergeijk;Metropoolregio Eindhoven;Noord-Brabant;51;4;0;0;0;1039.6368;486.068801;0;283009.72,
BU17240607;WK172406;Bergeijk;Metropoolregio Eindhoven;Noord-Brabant;147;11;0;0;0;2878.00222;1309.46926;0;856247.181,
BU17240608;WK172406;Bergeijk;Metropoolregio Eindhoven;Noord-Brabant;144;34;0;0;0;2917.0788;1365.47296;0;708201.585,
BU17240609;WK172406;Bergeijk;Metropoolregio Eindhoven;Noord-Brabant;165;17;0;0;0;3290.69768;1509.92648;0;916895.494,
BU17240610;WK172406;Bergeijk;Metropoolregio Eindhoven;Noord-Brabant;43;4;0;0;0;867.466523;401.992283;0;286606.518,
BU17280000;WK172800;Bladel;Metropoolregio Eindhoven;Noord-Brabant;4362;433;0;0;0;77802.4611;32511.4618;0;11142751.6,
BU17280001;WK172800;Bladel;Metropoolregio Eindhoven;Noord-Brabant;51;43;0;0;0;1062.3521;504.753861;0;969256.133,
BU17280008;WK172800;Bladel;Metropoolregio Eindhoven;Noord-Brabant;98;15;0;0;0;2007.44397;952.346212;0;897552.015,
BU17280009;WK172800;Bladel;Metropoolregio Eindhoven;Noord-Brabant;67;66;0;0;0;1400.21557;666.44949;0;691834.198,
BU17280100;WK172801;Bladel;Metropoolregio Eindhoven;Noord-Brabant;330;14;0;0;0;6573.05198;2963.55478;0;1087521.49,
BU17280109;WK172801;Bladel;Metropoolregio Eindhoven;Noord-Brabant;44;8;0;0;0;907.793748;427.296148;0;346658.896,
BU17280200;WK172802;Bladel;Metropoolregio Eindhoven;Noord-Brabant;2187;178;0;0;0;38388.1135;16273.0127;0;5447750.21,
BU17280201;WK172802;Bladel;Metropoolregio Eindhoven;Noord-Brabant;8;38;0;0;0;152.753868;68.6717877;0;755808.911,
BU17280202;WK172802;Bladel;Metropoolregio Eindhoven;Noord-Brabant;37;1;0;0;0;696.084312;296.726792;0;254676.629,
BU17280209;WK172802;Bladel;Metropoolregio Eindhoven;Noord-Brabant;100;587;0;0;0;2038.26478;945.150383;0;2035896.6,
BU17280300;WK172803;Bladel;Metropoolregio Eindhoven;Noord-Brabant;750;79;0;0;0;14264.2439;6327.81261;0;2450436.48,
BU17280301;WK172803;Bladel;Metropoolregio Eindhoven;Noord-Brabant;92;17;0;0;0;1846.39868;845.410042;0;506913.844,
BU17280309;WK172803;Bladel;Metropoolregio Eindhoven;Noord-Brabant;43;8;0;0;0;889.857948;416.361708;0;413267.018,
BU17280400;WK172804;Bladel;Metropoolregio Eindhoven;Noord-Brabant;410;19;0;0;0;8197.82056;3711.50272;0;1269524.46,
BU17280409;WK172804;Bladel;Metropoolregio Eindhoven;Noord-Brabant;17;4;0;0;0;340.499394;157.318594;0;138978.36,
BU17710000;WK177100;Geldrop-Mierlo;Metropoolregio Eindhoven;Noord-Brabant;1485;265;0;0;0;24166.8785;9438.9988;0;5251938.19,
BU17710001;WK177100;Geldrop-Mierlo;Metropoolregio Eindhoven;Noord-Brabant;1266;138;0;0;0;22132.6523;8242.35201;0;3456642.13,
BU17710002;WK177100;Geldrop-Mierlo;Metropoolregio Eindhoven;Noord-Brabant;1069;230;0;0;0;17306.4581;6543.46486;0;2512998.31,
BU17710003;WK177100;Geldrop-Mierlo;Metropoolregio Eindhoven;Noord-Brabant;1510;252;0;0;0;26817.3774;10550.2496;0;4313100.62,
BU17710004;WK177100;Geldrop-Mierlo;Metropoolregio Eindhoven;Noord-Brabant;1788;302;0;0;0;30664.7461;11276.9855;0;5578334.49,
BU17710005;WK177100;Geldrop-Mierlo;Metropoolregio Eindhoven;Noord-Brabant;1799;276;0;0;0;31521.5973;12409.7832;0;4391735.94,
BU17710006;WK177100;Geldrop-Mierlo;Metropoolregio Eindhoven;Noord-Brabant;2594;164;0;0;0;41938.7888;15492.7726;0;5111085.77,
BU17710007;WK177100;Geldrop-Mierlo;Metropoolregio Eindhoven;Noord-Brabant;1445;55;0;0;0;27078.2049;11293.3369;0;3020391.46,
BU17710009;WK177100;Geldrop-Mierlo;Metropoolregio Eindhoven;Noord-Brabant;44;8;0;0;0;973.558854;489.020294;0;448510.682,
BU17710100;WK177101;Geldrop-Mierlo;Metropoolregio Eindhoven;Noord-Brabant;4177;420;0;0;0;76377.9288;31365.2984;0;11833324.1,
BU17710109;WK177101;Geldrop-Mierlo;Metropoolregio Eindhoven;Noord-Brabant;435;150;0;0;0;9219.18002;4429.45514;0;2729382.69,
